<?xml version="1.0" encoding="UTF-8" ?>
<!-- This is a WordPress eXtended RSS file generated by WordPress as an export of your site. -->
<!-- It contains information about your site's posts, pages, comments, categories, and other content. -->
<!-- You may use this file to transfer that content from one site to another. -->
<!-- This file is not intended to serve as a complete backup of your site. -->

<!-- To import this information into a WordPress site follow these steps: -->
<!-- 1. Log in to that site as an administrator. -->
<!-- 2. Go to Tools: Import in the WordPress admin panel. -->
<!-- 3. Install the "WordPress" importer from the list. -->
<!-- 4. Activate & Run Importer. -->
<!-- 5. Upload this file using the form provided on that page. -->
<!-- 6. You will first be asked to map the authors in this export file to users -->
<!--    on the site. For each author, you may choose to map to an -->
<!--    existing user on the site or to create a new user. -->
<!-- 7. WordPress will then import each of the posts, pages, comments, categories, etc. -->
<!--    contained in this file into your site. -->

<!-- generator="WordPress/4.9.4" created="2018-03-15 08:44" -->
<rss version="2.0"
	xmlns:excerpt="http://wordpress.org/export/1.2/excerpt/"
	xmlns:content="http://purl.org/rss/1.0/modules/content/"
	xmlns:wfw="http://wellformedweb.org/CommentAPI/"
	xmlns:dc="http://purl.org/dc/elements/1.1/"
	xmlns:wp="http://wordpress.org/export/1.2/"
>

<channel>
	<title>Amely</title>
	<link>http://amely.thememove.com</link>
	<description>Classy E-commerce WordPress Theme for WooCommerce</description>
	<pubDate>Thu, 15 Mar 2018 08:44:31 +0000</pubDate>
	<language>en-US</language>
	<wp:wxr_version>1.2</wp:wxr_version>
	<wp:base_site_url>http://amely.thememove.com</wp:base_site_url>
	<wp:base_blog_url>http://amely.thememove.com</wp:base_blog_url>

	<wp:author><wp:author_id>1</wp:author_id><wp:author_login><![CDATA[admin]]></wp:author_login><wp:author_email><![CDATA[info@example.com]]></wp:author_email><wp:author_display_name><![CDATA[admin]]></wp:author_display_name><wp:author_first_name><![CDATA[Jenife]]></wp:author_first_name><wp:author_last_name><![CDATA[Loper]]></wp:author_last_name></wp:author>


	<generator>https://wordpress.org/?v=4.9.4</generator>

	<item>
		<title>Newsletter Popup</title>
		<link>http://amely.thememove.com/?ic_popup=newsletter-popup</link>
		<pubDate>Sat, 03 Mar 2018 03:02:46 +0000</pubDate>
		<dc:creator><![CDATA[admin]]></dc:creator>
		<guid isPermaLink="false">http://amely.thememove.com/?post_type=ic_popup&#038;p=5083</guid>
		<description></description>
		<content:encoded><![CDATA[[vc_row css=".vc_custom_1520048239928{background-image: url(http://amely.thememove.com/wp-content/uploads/2018/03/popup-image.jpg?id=5090) !important;background-position: 0 0 !important;background-repeat: no-repeat !important;}"][vc_column offset="vc_col-lg-6 vc_col-md-5 vc_hidden-xs"][vc_single_image image="5090" img_size="full"][/vc_column][vc_column offset="vc_col-md-6" el_class="pr-lg-50-i"][vc_custom_heading text="Hello, Sign up &amp;

connect to Amely." font_container="tag:h2|font_size:40px|text_align:left|line_height:50px" use_theme_fonts="" google_fonts="font_family:Poppins%3A300%2Cregular%2C500%2C600%2C700|font_style:600%20semi-bold%20regular%3A600%3Anormal"][vc_empty_space height="30"][amely_mailchimp list_id="13d967b631" color_scheme="dark"][vc_empty_space height="88"][vc_column_text]<span style="color: #999999;">* Be the first to learn about our latest trends and get exclusive offers.</span>[/vc_column_text][/vc_column][/vc_row]]]></content:encoded>
		<excerpt:encoded><![CDATA[]]></excerpt:encoded>
		<wp:post_id>5083</wp:post_id>
		<wp:post_date><![CDATA[2018-03-03 03:02:46]]></wp:post_date>
		<wp:post_date_gmt><![CDATA[2018-03-03 03:02:46]]></wp:post_date_gmt>
		<wp:comment_status><![CDATA[closed]]></wp:comment_status>
		<wp:ping_status><![CDATA[closed]]></wp:ping_status>
		<wp:post_name><![CDATA[newsletter-popup]]></wp:post_name>
		<wp:status><![CDATA[publish]]></wp:status>
		<wp:post_parent>0</wp:post_parent>
		<wp:menu_order>0</wp:menu_order>
		<wp:post_type><![CDATA[ic_popup]]></wp:post_type>
		<wp:post_password><![CDATA[]]></wp:post_password>
		<wp:is_sticky>0</wp:is_sticky>
		<wp:postmeta>
			<wp:meta_key><![CDATA[_vc_post_settings]]></wp:meta_key>
			<wp:meta_value><![CDATA[a:1:{s:10:"vc_grid_id";a:0:{}}]]></wp:meta_value>
		</wp:postmeta>
		<wp:postmeta>
			<wp:meta_key><![CDATA[_edit_last]]></wp:meta_key>
			<wp:meta_value><![CDATA[1]]></wp:meta_value>
		</wp:postmeta>
		<wp:postmeta>
			<wp:meta_key><![CDATA[slide_template]]></wp:meta_key>
			<wp:meta_value><![CDATA[]]></wp:meta_value>
		</wp:postmeta>
		<wp:postmeta>
			<wp:meta_key><![CDATA[_wpb_vc_js_status]]></wp:meta_key>
			<wp:meta_value><![CDATA[true]]></wp:meta_value>
		</wp:postmeta>
		<wp:postmeta>
			<wp:meta_key><![CDATA[insight_popup_exclude_posts]]></wp:meta_key>
			<wp:meta_value><![CDATA[a:0:{}]]></wp:meta_value>
		</wp:postmeta>
		<wp:postmeta>
			<wp:meta_key><![CDATA[insight_popup_active]]></wp:meta_key>
			<wp:meta_value><![CDATA[on]]></wp:meta_value>
		</wp:postmeta>
		<wp:postmeta>
			<wp:meta_key><![CDATA[insight_popup_max_width]]></wp:meta_key>
			<wp:meta_value><![CDATA[970]]></wp:meta_value>
		</wp:postmeta>
		<wp:postmeta>
			<wp:meta_key><![CDATA[insight_popup_show_post_type]]></wp:meta_key>
			<wp:meta_value><![CDATA[all]]></wp:meta_value>
		</wp:postmeta>
		<wp:postmeta>
			<wp:meta_key><![CDATA[insight_popup_display]]></wp:meta_key>
			<wp:meta_value><![CDATA[a:5:{s:4:"type";s:5:"delay";s:5:"delay";s:1:"1";s:6:"scroll";s:2:"25";s:11:"scroll_type";s:1:"%";s:6:"anchor";s:0:"";}]]></wp:meta_value>
		</wp:postmeta>
		<wp:postmeta>
			<wp:meta_key><![CDATA[insight_popup_expire]]></wp:meta_key>
			<wp:meta_value><![CDATA[2]]></wp:meta_value>
		</wp:postmeta>
		<wp:postmeta>
			<wp:meta_key><![CDATA[_wpb_shortcodes_custom_css]]></wp:meta_key>
			<wp:meta_value><![CDATA[.vc_custom_1520048239928{background-image: url(http://amely.thememove.com/wp-content/uploads/2018/03/popup-image.jpg?id=5090) !important;background-position: 0 0 !important;background-repeat: no-repeat !important;}]]></wp:meta_value>
		</wp:postmeta>
		<wp:postmeta>
			<wp:meta_key><![CDATA[_wpb_post_custom_css]]></wp:meta_key>
			<wp:meta_value><![CDATA[#insight-popup-5083 {
    padding: 0;
}

#insight-popup-5083 .vc_row {
    margin: 0;
}

@media (max-width:767px) {
    #insight-popup-5083 .vc_row {
        background-image: none !important;
    }
}

@media (min-width:768px) {
    
    #insight-popup-5083 .vc_row {
        background-position-x: 60% !important;
    }
    
     #insight-popup-5083 .vc_figure {
        display: none;
    }
}]]></wp:meta_value>
		</wp:postmeta>
		<wp:postmeta>
			<wp:meta_key><![CDATA[insight_popup_close_hide]]></wp:meta_key>
			<wp:meta_value><![CDATA[on]]></wp:meta_value>
		</wp:postmeta>
		<wp:postmeta>
			<wp:meta_key><![CDATA[insight_popup_display_animation]]></wp:meta_key>
			<wp:meta_value><![CDATA[fadeIn]]></wp:meta_value>
		</wp:postmeta>
		<wp:postmeta>
			<wp:meta_key><![CDATA[insight_popup_closing_animation]]></wp:meta_key>
			<wp:meta_value><![CDATA[fadeOut]]></wp:meta_value>
		</wp:postmeta>
	</item>
</channel>
</rss>
