<?xml version="1.0" encoding="UTF-8" ?>
<!-- This is a WordPress eXtended RSS file generated by WordPress as an export of your site. -->
<!-- It contains information about your site's posts, pages, comments, categories, and other content. -->
<!-- You may use this file to transfer that content from one site to another. -->
<!-- This file is not intended to serve as a complete backup of your site. -->

<!-- To import this information into a WordPress site follow these steps: -->
<!-- 1. Log in to that site as an administrator. -->
<!-- 2. Go to Tools: Import in the WordPress admin panel. -->
<!-- 3. Install the "WordPress" importer from the list. -->
<!-- 4. Activate & Run Importer. -->
<!-- 5. Upload this file using the form provided on that page. -->
<!-- 6. You will first be asked to map the authors in this export file to users -->
<!--    on the site. For each author, you may choose to map to an -->
<!--    existing user on the site or to create a new user. -->
<!-- 7. WordPress will then import each of the posts, pages, comments, categories, etc. -->
<!--    contained in this file into your site. -->

<!-- generator="WordPress/4.9.4" created="2018-03-15 08:40" -->
<rss version="2.0"
	xmlns:excerpt="http://wordpress.org/export/1.2/excerpt/"
	xmlns:content="http://purl.org/rss/1.0/modules/content/"
	xmlns:wfw="http://wellformedweb.org/CommentAPI/"
	xmlns:dc="http://purl.org/dc/elements/1.1/"
	xmlns:wp="http://wordpress.org/export/1.2/"
>

<channel>
	<title>Amely</title>
	<link>http://amely.thememove.com</link>
	<description>Classy E-commerce WordPress Theme for WooCommerce</description>
	<pubDate>Thu, 15 Mar 2018 08:40:11 +0000</pubDate>
	<language>en-US</language>
	<wp:wxr_version>1.2</wp:wxr_version>
	<wp:base_site_url>http://amely.thememove.com</wp:base_site_url>
	<wp:base_blog_url>http://amely.thememove.com</wp:base_blog_url>

	<wp:author><wp:author_id>1</wp:author_id><wp:author_login><![CDATA[admin]]></wp:author_login><wp:author_email><![CDATA[info@example.com]]></wp:author_email><wp:author_display_name><![CDATA[admin]]></wp:author_display_name><wp:author_first_name><![CDATA[Jenife]]></wp:author_first_name><wp:author_last_name><![CDATA[Loper]]></wp:author_last_name></wp:author>


	<generator>https://wordpress.org/?v=4.9.4</generator>

	<item>
		<title>New Season</title>
		<link>http://amely.thememove.com/new-season/</link>
		<pubDate>Fri, 02 Mar 2018 04:45:00 +0000</pubDate>
		<dc:creator><![CDATA[admin]]></dc:creator>
		<guid isPermaLink="false">http://amely.thememove.com/?page_id=5013</guid>
		<description></description>
		<content:encoded><![CDATA[[vc_row][vc_column][rev_slider_vc alias="homepage-13"][amely_space height="65" height_lg="60" height_md="50" height_sm="40" height_xs="30"][/vc_column][/vc_row][vc_row full_width="amely_wide_row" content_placement="middle"][vc_column offset="vc_col-lg-1 vc_hidden-sm vc_hidden-xs" el_class="col-xl-2"][/vc_column][vc_column offset="vc_col-lg-4"][vc_custom_heading text="Meet the trends

of the season" font_container="tag:h2|font_size:34px|text_align:left|color:%23333333|line_height:48px" use_theme_fonts="" google_fonts="font_family:Poppins%3A300%2Cregular%2C500%2C600%2C700|font_style:600%20semi-bold%20regular%3A600%3Anormal" css=".vc_custom_1520417127538{margin-top: 0px !important;}"][vc_column_text]“Simple is the best”, they say. Indeed, it is. At Amely, we put a strong emphasis on simplicity, quality and usefulness of fashion products over other factors.[/vc_column_text][amely_button style="custom" font_size="12" button_bg_color="" button_bg_color_hover="" font_color="#333333" font_color_hover="#c61932" button_border_color="" button_border_color_hover="" text="READ MORE" animation="none" el_class="lp-button" link="url:%23|||"][/vc_column][vc_column offset="vc_col-lg-7" el_class="col-xl-6"][amely_space height="0" height_lg="0" height_md="30" height_sm="30" height_xs="30"][vc_single_image image="5031" img_size="full" alignment="right" css=".vc_custom_1520417137170{margin-bottom: 0px !important;}"][/vc_column][/vc_row][vc_row][vc_column][amely_space height="65" height_lg="60" height_md="50" height_sm="40" height_xs="0"][/vc_column][/vc_row][vc_row full_width="amely_wide_row"][vc_column offset="vc_col-lg-6 vc_col-md-12 vc_col-xs-12"][amely_space height="0" height_lg="0" height_md="30" height_sm="30" height_xs="30"][vc_single_image image="5057" img_size="full" alignment="center"][/vc_column][vc_column offset="vc_col-lg-6 vc_col-md-12 vc_col-xs-12" el_class="text-xs-center"][vc_custom_heading text="Deal of The Day" font_container="tag:h2|font_size:34px|text_align:center|color:%23333333|line_height:48px" use_theme_fonts="" google_fonts="font_family:Poppins%3A300%2Cregular%2C500%2C600%2C700|font_style:600%20semi-bold%20regular%3A600%3Anormal"][vc_column_text]
<p style="text-align: center;">Don't miss this once-in-a-lifetime chance to get 30% discount on all of our products.</p>
[/vc_column_text][amely_countdown section_bg_color="" section_bd_color="" countdown_opts="sday,shr,smin,ssec" digit_color="#333333" digit_font_size="56" digit_line_height="56" unit_color="#696969" unit_font_size="14" unit_line_height="14" unit_google_fonts="font_family:Poppins%3A300%2Cregular%2C500%2C600%2C700|font_style:400%20regular%3A400%3Anormal" str_second_singular="Sec" str_second_plural="Secs" str_minute_singular="Min" str_minute_plural="Mins" digit_border_color="#dddddd" datetime="2018/01/31 10:55:37"][vc_empty_space height="30"][amely_button text="SHOP NOW" link="url:%2Fshop|||"][/vc_column][/vc_row][vc_row el_class="product-tabs"][vc_column][amely_space height="90" height_lg="80" height_md="80" height_sm="50" height_xs="40"][amely_button style="custom" font_size="14" button_bg_color="#ffffff" font_color="#333333" font_color_hover="#ffffff" button_border_color="#cccccc" text="ONLINE STORE"][amely_product_tabs filter="group" filter_type="ajax" number="8" columns="4" img_size="full" pagination_type="more-btn" tabs="featured_products,sale_products"][amely_space height="80" height_lg="70" height_md="60" height_sm="50" height_xs="40"][/vc_column][/vc_row][vc_row full_width="stretch_row_content_no_spaces" content_placement="middle" el_class="lookbook-video"][vc_column el_class="pv-lg-50 pl-xs-30-i" css=".vc_custom_1520418825614{background-image: url(http://amely.thememove.com/wp-content/uploads/2018/03/bg-lookbook.png?id=5087) !important;background-position: 0 0 !important;background-repeat: repeat !important;}" offset="vc_col-lg-5"][vc_custom_heading text="Summer Collections" font_container="tag:h2|font_size:18px|text_align:right|color:%23333333|line_height:18px" use_theme_fonts="" google_fonts="font_family:Poppins%3A300%2Cregular%2C500%2C600%2C700|font_style:600%20semi-bold%20regular%3A600%3Anormal" el_class="pt-lg-50 pr-xs-50 pr-sm-70"][vc_custom_heading text="Lookbook
video" font_container="tag:h1|font_size:80px|text_align:right|color:%23333333|line_height:80px" use_theme_fonts="" google_fonts="font_family:Poppins%3A300%2Cregular%2C500%2C600%2C700|font_style:600%20semi-bold%20regular%3A600%3Anormal" el_class="pb-lg-50 pr-xs-50 pr-sm-70"][amely_button style="custom" font_size="12" button_bg_color="" button_bg_color_hover="" font_color="#333333" font_color_hover="#c61932" button_border_color="" button_border_color_hover="" text="LEARN MORE" animation="none" el_class="lp-button pr-sm-70-i pb-xs-50-i pr-xs-50-i" link="url:%23|||"][/vc_column][vc_column css=".vc_custom_1520418836701{background-image: url(http://amely.thememove.com/wp-content/uploads/2018/03/lookbook-video.jpg?id=5073) !important;background-position: center !important;background-repeat: no-repeat !important;background-size: cover !important;}" offset="vc_col-lg-7"][amely_space height="250" height_lg="230" height_md="200" height_sm="180" height_xs="100"][vc_single_image image="3230" img_size="100x100" alignment="center" onclick="custom_link" link="https://www.youtube.com/watch?v=0Rmz9_jagKo" el_id="button-video"][amely_space height="250" height_lg="230" height_md="200" height_sm="180" height_xs="100"][/vc_column][/vc_row][vc_row][vc_column][vc_empty_space height="30"][vc_custom_heading text="Follow Us On Instagram" font_container="tag:h2|font_size:34px|text_align:center|color:%23333333|line_height:48px" use_theme_fonts="" google_fonts="font_family:Poppins%3A300%2Cregular%2C500%2C600%2C700|font_style:600%20semi-bold%20regular%3A600%3Anormal"][amely_instagram username="oakandfort" view="carousel" number_items="8" auto_play="yes" auto_play_speed="5" nav_type="both" number_of_items_to_show="5" spacing="15" show_username="yes" link_new_page="yes" item_width_md="is-5" show_user="1"]Follow us on Instagram[/amely_instagram][vc_empty_space height="50"][/vc_column][/vc_row][vc_row full_width="stretch_row_content_no_spaces"][vc_column][vc_separator][/vc_column][/vc_row][vc_row full_width="amely_wide_row"][vc_column][amely_space height="60" height_lg="50" height_md="40" height_sm="30" height_xs="20"][/vc_column][/vc_row][vc_row full_width="amely_wide_row" el_class="footer-vc"][vc_column offset="vc_col-lg-4"][vc_custom_heading text="contact@amely.com" font_container="tag:h2|font_size:14px|text_align:left|color:%23696969|line_height:24px" use_theme_fonts="" google_fonts="font_family:Poppins%3A300%2Cregular%2C500%2C600%2C700|font_style:400%20regular%3A400%3Anormal" css=".vc_custom_1520215404921{margin-top: 0px !important;}"][vc_custom_heading text="(+88) 123 4566 6868" font_container="tag:h2|font_size:24px|text_align:left|color:%23333333|line_height:24px" use_theme_fonts="" google_fonts="font_family:Poppins%3A300%2Cregular%2C500%2C600%2C700|font_style:600%20semi-bold%20regular%3A600%3Anormal"][amely_space height="50" height_lg="40" height_md="30" height_sm="20" height_xs="20"][vc_single_image image="5137" img_size="full"][/vc_column][vc_column offset="vc_col-lg-4"][vc_row_inner][vc_column_inner width="1/3"][vc_column_text]
<ul class="menu">
 	<li><a href="#">Site Map</a></li>
 	<li><a href="#">Store Location</a></li>
 	<li><a href="#">My Account</a></li>
 	<li><a href="#">Orders Tracking</a></li>
 	<li><a href="#">Size Guide</a></li>
</ul>
[/vc_column_text][/vc_column_inner][vc_column_inner width="1/3"][vc_column_text]
<ul class="menu">
 	<li><a href="#">Privacy Policy</a></li>
 	<li><a href="#">Returns</a></li>
 	<li><a href="#">Promotions</a></li>
 	<li><a href="#">FAQs</a></li>
</ul>
[/vc_column_text][/vc_column_inner][vc_column_inner width="1/3"][vc_column_text]
<ul class="menu">
 	<li><i class="fa fa-twitter"></i><a href="#">Twitter</a></li>
 	<li><i class="fa fa-facebook"></i><a href="#">Facebook</a></li>
 	<li><i class="fa fa-instagram"></i><a href="#">Instagram</a></li>
 	<li><i class="fa fa-youtube-play"></i><a href="#">Youtube</a></li>
</ul>
[/vc_column_text][/vc_column_inner][/vc_row_inner][/vc_column][vc_column offset="vc_col-lg-4"][vc_custom_heading text="Newsletter" font_container="tag:h2|font_size:24px|text_align:left|color:%23333333|line_height:24px" use_theme_fonts="" google_fonts="font_family:Poppins%3A300%2Cregular%2C500%2C600%2C700|font_style:600%20semi-bold%20regular%3A600%3Anormal" css=".vc_custom_1520215395257{margin-top: 0px !important;}"][amely_mailchimp list_id="ef44046777" color_scheme="dark" title="" align_center="yes" title_color="#ffffff" text_color="#222222" button_border_color="#dddddd" button_border_color_hover="#dddddd" btn_style="dark" el_class="no-padding" css=".vc_custom_1520050826263{padding-bottom: 50px !important;}"][/vc_column][/vc_row][vc_row full_width="amely_wide_row"][vc_column][amely_space height="60" height_lg="50" height_md="40" height_sm="30" height_xs="20"][/vc_column][/vc_row][vc_row full_width="amely_wide_row" el_class="footer-vc-copyright"][vc_column width="1/3"][vc_custom_heading text="© 2018 amely.
All rights reserved" font_container="tag:h2|font_size:14px|text_align:left|color:%23696969|line_height:24px" use_theme_fonts="" google_fonts="font_family:Poppins%3A300%2Cregular%2C500%2C600%2C700|font_style:400%20regular%3A400%3Anormal" css=".vc_custom_1520216264877{margin-top: 0px !important;}"][/vc_column][vc_column width="1/3"][vc_single_image source="external_link" alignment="center" custom_src="http://amely-4437.kxcdn.com/wp-content/themes/amely/assets/images/logo.png"][/vc_column][vc_column width="1/3"][vc_single_image source="external_link" alignment="right" custom_src="http://amely-4437.kxcdn.com/wp-content/uploads/2018/01/payments.png"][/vc_column][/vc_row]]]></content:encoded>
		<excerpt:encoded><![CDATA[]]></excerpt:encoded>
		<wp:post_id>5013</wp:post_id>
		<wp:post_date><![CDATA[2018-03-02 04:45:00]]></wp:post_date>
		<wp:post_date_gmt><![CDATA[2018-03-02 04:45:00]]></wp:post_date_gmt>
		<wp:comment_status><![CDATA[closed]]></wp:comment_status>
		<wp:ping_status><![CDATA[closed]]></wp:ping_status>
		<wp:post_name><![CDATA[new-season]]></wp:post_name>
		<wp:status><![CDATA[publish]]></wp:status>
		<wp:post_parent>0</wp:post_parent>
		<wp:menu_order>0</wp:menu_order>
		<wp:post_type><![CDATA[page]]></wp:post_type>
		<wp:post_password><![CDATA[]]></wp:post_password>
		<wp:is_sticky>0</wp:is_sticky>
		<wp:postmeta>
			<wp:meta_key><![CDATA[_vc_post_settings]]></wp:meta_key>
			<wp:meta_value><![CDATA[a:1:{s:10:"vc_grid_id";a:0:{}}]]></wp:meta_value>
		</wp:postmeta>
		<wp:postmeta>
			<wp:meta_key><![CDATA[_edit_last]]></wp:meta_key>
			<wp:meta_value><![CDATA[1]]></wp:meta_value>
		</wp:postmeta>
		<wp:postmeta>
			<wp:meta_key><![CDATA[_wp_page_template]]></wp:meta_key>
			<wp:meta_value><![CDATA[default]]></wp:meta_value>
		</wp:postmeta>
		<wp:postmeta>
			<wp:meta_key><![CDATA[mswp-swap-loc]]></wp:meta_key>
			<wp:meta_value><![CDATA[landing]]></wp:meta_value>
		</wp:postmeta>
		<wp:postmeta>
			<wp:meta_key><![CDATA[mswp-target-loc]]></wp:meta_key>
			<wp:meta_value><![CDATA[none]]></wp:meta_value>
		</wp:postmeta>
		<wp:postmeta>
			<wp:meta_key><![CDATA[slide_template]]></wp:meta_key>
			<wp:meta_value><![CDATA[]]></wp:meta_value>
		</wp:postmeta>
		<wp:postmeta>
			<wp:meta_key><![CDATA[_wpb_vc_js_status]]></wp:meta_key>
			<wp:meta_value><![CDATA[true]]></wp:meta_value>
		</wp:postmeta>
		<wp:postmeta>
			<wp:meta_key><![CDATA[amely_logo]]></wp:meta_key>
			<wp:meta_value><![CDATA[http://amely.thememove.com/wp-content/themes/amely/assets/images/logo.png]]></wp:meta_value>
		</wp:postmeta>
		<wp:postmeta>
			<wp:meta_key><![CDATA[amely_logo_alt]]></wp:meta_key>
			<wp:meta_value><![CDATA[http://amely.thememove.com/wp-content/themes/amely/assets/images/logo.png]]></wp:meta_value>
		</wp:postmeta>
		<wp:postmeta>
			<wp:meta_key><![CDATA[amely_logo_mobile]]></wp:meta_key>
			<wp:meta_value><![CDATA[http://amely.thememove.com/wp-content/themes/amely/assets/images/logo.png]]></wp:meta_value>
		</wp:postmeta>
		<wp:postmeta>
			<wp:meta_key><![CDATA[amely_logo_mobile_alt]]></wp:meta_key>
			<wp:meta_value><![CDATA[http://amely.thememove.com/wp-content/themes/amely/assets/images/logo.png]]></wp:meta_value>
		</wp:postmeta>
		<wp:postmeta>
			<wp:meta_key><![CDATA[amely_header_overlap]]></wp:meta_key>
			<wp:meta_value><![CDATA[off]]></wp:meta_value>
		</wp:postmeta>
		<wp:postmeta>
			<wp:meta_key><![CDATA[amely_sticky_header]]></wp:meta_key>
			<wp:meta_value><![CDATA[default]]></wp:meta_value>
		</wp:postmeta>
		<wp:postmeta>
			<wp:meta_key><![CDATA[amely_offcanvas_button_on]]></wp:meta_key>
			<wp:meta_value><![CDATA[default]]></wp:meta_value>
		</wp:postmeta>
		<wp:postmeta>
			<wp:meta_key><![CDATA[amely_offcanvas_action]]></wp:meta_key>
			<wp:meta_value><![CDATA[default]]></wp:meta_value>
		</wp:postmeta>
		<wp:postmeta>
			<wp:meta_key><![CDATA[amely_offcanvas_position]]></wp:meta_key>
			<wp:meta_value><![CDATA[default]]></wp:meta_value>
		</wp:postmeta>
		<wp:postmeta>
			<wp:meta_key><![CDATA[amely_offcanvas_button_color]]></wp:meta_key>
			<wp:meta_value><![CDATA[#333333]]></wp:meta_value>
		</wp:postmeta>
		<wp:postmeta>
			<wp:meta_key><![CDATA[amely_offcanvas_custom_sidebar]]></wp:meta_key>
			<wp:meta_value><![CDATA[sidebar-offcanvas]]></wp:meta_value>
		</wp:postmeta>
		<wp:postmeta>
			<wp:meta_key><![CDATA[amely_page_title_on]]></wp:meta_key>
			<wp:meta_value><![CDATA[off]]></wp:meta_value>
		</wp:postmeta>
		<wp:postmeta>
			<wp:meta_key><![CDATA[amely_remove_whitespace]]></wp:meta_key>
			<wp:meta_value><![CDATA[default]]></wp:meta_value>
		</wp:postmeta>
		<wp:postmeta>
			<wp:meta_key><![CDATA[amely_page_title_style]]></wp:meta_key>
			<wp:meta_value><![CDATA[default]]></wp:meta_value>
		</wp:postmeta>
		<wp:postmeta>
			<wp:meta_key><![CDATA[amely_page_title_text_color]]></wp:meta_key>
			<wp:meta_value><![CDATA[#333333]]></wp:meta_value>
		</wp:postmeta>
		<wp:postmeta>
			<wp:meta_key><![CDATA[amely_page_subtitle_color]]></wp:meta_key>
			<wp:meta_value><![CDATA[#ababab]]></wp:meta_value>
		</wp:postmeta>
		<wp:postmeta>
			<wp:meta_key><![CDATA[amely_page_title_bg_color]]></wp:meta_key>
			<wp:meta_value><![CDATA[#f7f7f7]]></wp:meta_value>
		</wp:postmeta>
		<wp:postmeta>
			<wp:meta_key><![CDATA[amely_page_title_overlay_color]]></wp:meta_key>
			<wp:meta_value><![CDATA[rgba(0,0,0,0)]]></wp:meta_value>
		</wp:postmeta>
		<wp:postmeta>
			<wp:meta_key><![CDATA[amely_page_title_bg_image]]></wp:meta_key>
			<wp:meta_value><![CDATA[http://amely.thememove.com/wp-content/themes/amely/assets/images/page-title-bg.jpg]]></wp:meta_value>
		</wp:postmeta>
		<wp:postmeta>
			<wp:meta_key><![CDATA[amely_breadcrumbs]]></wp:meta_key>
			<wp:meta_value><![CDATA[default]]></wp:meta_value>
		</wp:postmeta>
		<wp:postmeta>
			<wp:meta_key><![CDATA[amely_breadcrumbs_position]]></wp:meta_key>
			<wp:meta_value><![CDATA[default]]></wp:meta_value>
		</wp:postmeta>
		<wp:postmeta>
			<wp:meta_key><![CDATA[amely_page_sidebar_config]]></wp:meta_key>
			<wp:meta_value><![CDATA[default]]></wp:meta_value>
		</wp:postmeta>
		<wp:postmeta>
			<wp:meta_key><![CDATA[amely_page_custom_sidebar]]></wp:meta_key>
			<wp:meta_value><![CDATA[sidebar]]></wp:meta_value>
		</wp:postmeta>
		<wp:postmeta>
			<wp:meta_key><![CDATA[_wpb_shortcodes_custom_css]]></wp:meta_key>
			<wp:meta_value><![CDATA[.vc_custom_1520417127538{margin-top: 0px !important;}.vc_custom_1520417137170{margin-bottom: 0px !important;}.vc_custom_1520418825614{background-image: url(http://amely.thememove.com/wp-content/uploads/2018/03/bg-lookbook.png?id=5087) !important;background-position: 0 0 !important;background-repeat: repeat !important;}.vc_custom_1520418836701{background-image: url(http://amely.thememove.com/wp-content/uploads/2018/03/lookbook-video.jpg?id=5073) !important;background-position: center !important;background-repeat: no-repeat !important;background-size: cover !important;}.vc_custom_1520215404921{margin-top: 0px !important;}.vc_custom_1520215395257{margin-top: 0px !important;}.vc_custom_1520050826263{padding-bottom: 50px !important;}.vc_custom_1520216264877{margin-top: 0px !important;}]]></wp:meta_value>
		</wp:postmeta>
		<wp:postmeta>
			<wp:meta_key><![CDATA[amely_disable_footer]]></wp:meta_key>
			<wp:meta_value><![CDATA[on]]></wp:meta_value>
		</wp:postmeta>
	</item>
	<item>
		<title>Shoppable Images</title>
		<link>http://amely.thememove.com/shoppable-images/</link>
		<pubDate>Sat, 03 Mar 2018 04:38:28 +0000</pubDate>
		<dc:creator><![CDATA[admin]]></dc:creator>
		<guid isPermaLink="false">http://amely.thememove.com/?page_id=5126</guid>
		<description></description>
		<content:encoded><![CDATA[[vc_row full_width="stretch_row_content_no_spaces" el_class="row-overflow-visible row-slider"][vc_column][vc_column_text css=".vc_custom_1520326072649{margin-bottom: 0px !important;}"][shoppable_image id="5231"][/vc_column_text][vc_row_inner el_class="text-slider"][vc_column_inner][vc_single_image image="5235" img_size="full" css_animation="fadeInUp"][vc_custom_heading text="#good#denim#blue" font_container="tag:p|font_size:24px|text_align:center|color:%23ffffff|line_height:33px" use_theme_fonts="" google_fonts="font_family:Poppins%3A300%2Cregular%2C500%2C600%2C700|font_style:400%20regular%3A400%3Anormal" css_animation="fadeInDown" el_class="ls-4-p"][/vc_column_inner][/vc_row_inner][/vc_column][/vc_row][vc_row full_width="stretch_row_content_no_spaces" el_class="row-overflow-visible"][vc_column offset="vc_col-md-4"][vc_column_text css=".vc_custom_1520323135912{margin-bottom: 0px !important;}"][shoppable_image id="5206"][/vc_column_text][/vc_column][vc_column offset="vc_col-md-4"][vc_column_text css=".vc_custom_1520323147023{margin-bottom: 0px !important;}"][shoppable_image id="5207"][/vc_column_text][/vc_column][vc_column offset="vc_col-md-4"][vc_column_text css=".vc_custom_1520323163010{margin-bottom: 0px !important;}"][shoppable_image id="5211"][/vc_column_text][/vc_column][/vc_row][vc_row full_width="stretch_row_content_no_spaces" css=".vc_custom_1520322966651{padding-top: 0px !important;background-image: url(http://amely.thememove.com/wp-content/uploads/2018/03/bg-video.jpg?id=5196) !important;background-position: center !important;background-repeat: no-repeat !important;background-size: cover !important;}"][vc_column css=".vc_custom_1520322951731{padding-top: 0px !important;}"][amely_space height="250" height_lg="230" height_md="200" height_sm="180" height_xs="100"][vc_custom_heading text="LOOKBOOK VIDEO" font_container="tag:h2|font_size:40px|text_align:center|color:%23ffffff|line_height:56px" use_theme_fonts="" google_fonts="font_family:Poppins%3A300%2Cregular%2C500%2C600%2C700|font_style:600%20semi-bold%20regular%3A600%3Anormal" el_class="ls-15-p"][vc_single_image image="3230" img_size="100x100" alignment="center" onclick="custom_link" link="https://www.youtube.com/watch?v=0Rmz9_jagKo" el_id="button-video"][amely_space height="250" height_lg="230" height_md="200" height_sm="180" height_xs="100"][/vc_column][/vc_row][vc_row full_width="stretch_row_content_no_spaces" css=".vc_custom_1520325582664{padding-top: 0px !important;}" el_class="row-overflow-visible"][vc_column width="1/2" css=".vc_custom_1520419600668{padding-top: 0px !important;}" offset="vc_col-lg-3"][vc_column_text css=".vc_custom_1520323174378{margin-bottom: 0px !important;}"][shoppable_image id="5212"][/vc_column_text][/vc_column][vc_column width="1/2" css=".vc_custom_1520419611230{padding-top: 0px !important;}" offset="vc_col-lg-3"][vc_column_text css=".vc_custom_1520323184920{margin-bottom: 0px !important;}"][shoppable_image id="5213"][/vc_column_text][/vc_column][vc_column width="1/2" css=".vc_custom_1520419620838{padding-top: 0px !important;}" offset="vc_col-lg-3"][vc_column_text css=".vc_custom_1520323192731{margin-bottom: 0px !important;}"][shoppable_image id="5214"][/vc_column_text][/vc_column][vc_column width="1/2" css=".vc_custom_1520419692819{padding-top: 0px !important;}" offset="vc_col-lg-3"][vc_column_text css=".vc_custom_1520323201831{margin-bottom: 0px !important;}"][shoppable_image id="5215"][/vc_column_text][/vc_column][/vc_row][vc_row el_class="text-xs-center" css=".vc_custom_1520419455225{margin-top: 60px !important;margin-bottom: 60px !important;}"][vc_column][amely_button text="SHOP NOW" link="url:%2Fshop|||"][/vc_column][/vc_row]]]></content:encoded>
		<excerpt:encoded><![CDATA[]]></excerpt:encoded>
		<wp:post_id>5126</wp:post_id>
		<wp:post_date><![CDATA[2018-03-03 04:38:28]]></wp:post_date>
		<wp:post_date_gmt><![CDATA[2018-03-03 04:38:28]]></wp:post_date_gmt>
		<wp:comment_status><![CDATA[closed]]></wp:comment_status>
		<wp:ping_status><![CDATA[closed]]></wp:ping_status>
		<wp:post_name><![CDATA[shoppable-images]]></wp:post_name>
		<wp:status><![CDATA[publish]]></wp:status>
		<wp:post_parent>0</wp:post_parent>
		<wp:menu_order>0</wp:menu_order>
		<wp:post_type><![CDATA[page]]></wp:post_type>
		<wp:post_password><![CDATA[]]></wp:post_password>
		<wp:is_sticky>0</wp:is_sticky>
		<wp:postmeta>
			<wp:meta_key><![CDATA[_vc_post_settings]]></wp:meta_key>
			<wp:meta_value><![CDATA[a:1:{s:10:"vc_grid_id";a:0:{}}]]></wp:meta_value>
		</wp:postmeta>
		<wp:postmeta>
			<wp:meta_key><![CDATA[_edit_last]]></wp:meta_key>
			<wp:meta_value><![CDATA[1]]></wp:meta_value>
		</wp:postmeta>
		<wp:postmeta>
			<wp:meta_key><![CDATA[_wp_page_template]]></wp:meta_key>
			<wp:meta_value><![CDATA[default]]></wp:meta_value>
		</wp:postmeta>
		<wp:postmeta>
			<wp:meta_key><![CDATA[mswp-swap-loc]]></wp:meta_key>
			<wp:meta_value><![CDATA[landing]]></wp:meta_value>
		</wp:postmeta>
		<wp:postmeta>
			<wp:meta_key><![CDATA[mswp-target-loc]]></wp:meta_key>
			<wp:meta_value><![CDATA[none]]></wp:meta_value>
		</wp:postmeta>
		<wp:postmeta>
			<wp:meta_key><![CDATA[slide_template]]></wp:meta_key>
			<wp:meta_value><![CDATA[]]></wp:meta_value>
		</wp:postmeta>
		<wp:postmeta>
			<wp:meta_key><![CDATA[_wpb_vc_js_status]]></wp:meta_key>
			<wp:meta_value><![CDATA[false]]></wp:meta_value>
		</wp:postmeta>
		<wp:postmeta>
			<wp:meta_key><![CDATA[amely_logo]]></wp:meta_key>
			<wp:meta_value><![CDATA[http://amely.thememove.com/wp-content/themes/amely/assets/images/logo.png]]></wp:meta_value>
		</wp:postmeta>
		<wp:postmeta>
			<wp:meta_key><![CDATA[amely_logo_alt]]></wp:meta_key>
			<wp:meta_value><![CDATA[http://amely.thememove.com/wp-content/themes/amely/assets/images/logo.png]]></wp:meta_value>
		</wp:postmeta>
		<wp:postmeta>
			<wp:meta_key><![CDATA[amely_logo_mobile]]></wp:meta_key>
			<wp:meta_value><![CDATA[http://amely.thememove.com/wp-content/themes/amely/assets/images/logo.png]]></wp:meta_value>
		</wp:postmeta>
		<wp:postmeta>
			<wp:meta_key><![CDATA[amely_logo_mobile_alt]]></wp:meta_key>
			<wp:meta_value><![CDATA[http://amely.thememove.com/wp-content/themes/amely/assets/images/logo.png]]></wp:meta_value>
		</wp:postmeta>
		<wp:postmeta>
			<wp:meta_key><![CDATA[amely_header_overlap]]></wp:meta_key>
			<wp:meta_value><![CDATA[off]]></wp:meta_value>
		</wp:postmeta>
		<wp:postmeta>
			<wp:meta_key><![CDATA[amely_sticky_header]]></wp:meta_key>
			<wp:meta_value><![CDATA[default]]></wp:meta_value>
		</wp:postmeta>
		<wp:postmeta>
			<wp:meta_key><![CDATA[amely_offcanvas_button_on]]></wp:meta_key>
			<wp:meta_value><![CDATA[default]]></wp:meta_value>
		</wp:postmeta>
		<wp:postmeta>
			<wp:meta_key><![CDATA[amely_offcanvas_action]]></wp:meta_key>
			<wp:meta_value><![CDATA[default]]></wp:meta_value>
		</wp:postmeta>
		<wp:postmeta>
			<wp:meta_key><![CDATA[amely_offcanvas_position]]></wp:meta_key>
			<wp:meta_value><![CDATA[default]]></wp:meta_value>
		</wp:postmeta>
		<wp:postmeta>
			<wp:meta_key><![CDATA[amely_offcanvas_button_color]]></wp:meta_key>
			<wp:meta_value><![CDATA[#333333]]></wp:meta_value>
		</wp:postmeta>
		<wp:postmeta>
			<wp:meta_key><![CDATA[amely_offcanvas_custom_sidebar]]></wp:meta_key>
			<wp:meta_value><![CDATA[sidebar-offcanvas]]></wp:meta_value>
		</wp:postmeta>
		<wp:postmeta>
			<wp:meta_key><![CDATA[amely_page_title_on]]></wp:meta_key>
			<wp:meta_value><![CDATA[off]]></wp:meta_value>
		</wp:postmeta>
		<wp:postmeta>
			<wp:meta_key><![CDATA[amely_remove_whitespace]]></wp:meta_key>
			<wp:meta_value><![CDATA[on]]></wp:meta_value>
		</wp:postmeta>
		<wp:postmeta>
			<wp:meta_key><![CDATA[amely_page_title_style]]></wp:meta_key>
			<wp:meta_value><![CDATA[bg_image]]></wp:meta_value>
		</wp:postmeta>
		<wp:postmeta>
			<wp:meta_key><![CDATA[amely_page_title_text_color]]></wp:meta_key>
			<wp:meta_value><![CDATA[#333333]]></wp:meta_value>
		</wp:postmeta>
		<wp:postmeta>
			<wp:meta_key><![CDATA[amely_page_subtitle_color]]></wp:meta_key>
			<wp:meta_value><![CDATA[#ababab]]></wp:meta_value>
		</wp:postmeta>
		<wp:postmeta>
			<wp:meta_key><![CDATA[amely_page_title_bg_color]]></wp:meta_key>
			<wp:meta_value><![CDATA[#f7f7f7]]></wp:meta_value>
		</wp:postmeta>
		<wp:postmeta>
			<wp:meta_key><![CDATA[amely_page_title_overlay_color]]></wp:meta_key>
			<wp:meta_value><![CDATA[rgba(0,0,0,0)]]></wp:meta_value>
		</wp:postmeta>
		<wp:postmeta>
			<wp:meta_key><![CDATA[amely_page_title_bg_image]]></wp:meta_key>
			<wp:meta_value><![CDATA[http://amely.thememove.com/wp-content/themes/amely/assets/images/page-title-bg.jpg]]></wp:meta_value>
		</wp:postmeta>
		<wp:postmeta>
			<wp:meta_key><![CDATA[amely_breadcrumbs]]></wp:meta_key>
			<wp:meta_value><![CDATA[default]]></wp:meta_value>
		</wp:postmeta>
		<wp:postmeta>
			<wp:meta_key><![CDATA[amely_breadcrumbs_position]]></wp:meta_key>
			<wp:meta_value><![CDATA[default]]></wp:meta_value>
		</wp:postmeta>
		<wp:postmeta>
			<wp:meta_key><![CDATA[amely_page_sidebar_config]]></wp:meta_key>
			<wp:meta_value><![CDATA[default]]></wp:meta_value>
		</wp:postmeta>
		<wp:postmeta>
			<wp:meta_key><![CDATA[amely_page_custom_sidebar]]></wp:meta_key>
			<wp:meta_value><![CDATA[sidebar]]></wp:meta_value>
		</wp:postmeta>
		<wp:postmeta>
			<wp:meta_key><![CDATA[_wpb_shortcodes_custom_css]]></wp:meta_key>
			<wp:meta_value><![CDATA[.vc_custom_1520322966651{padding-top: 0px !important;background-image: url(http://amely.thememove.com/wp-content/uploads/2018/03/bg-video.jpg?id=5196) !important;background-position: center !important;background-repeat: no-repeat !important;background-size: cover !important;}.vc_custom_1520325582664{padding-top: 0px !important;}.vc_custom_1520419455225{margin-top: 60px !important;margin-bottom: 60px !important;}.vc_custom_1520326072649{margin-bottom: 0px !important;}.vc_custom_1520323135912{margin-bottom: 0px !important;}.vc_custom_1520323147023{margin-bottom: 0px !important;}.vc_custom_1520323163010{margin-bottom: 0px !important;}.vc_custom_1520322951731{padding-top: 0px !important;}.vc_custom_1520419600668{padding-top: 0px !important;}.vc_custom_1520419611230{padding-top: 0px !important;}.vc_custom_1520419620838{padding-top: 0px !important;}.vc_custom_1520419692819{padding-top: 0px !important;}.vc_custom_1520323174378{margin-bottom: 0px !important;}.vc_custom_1520323184920{margin-bottom: 0px !important;}.vc_custom_1520323192731{margin-bottom: 0px !important;}.vc_custom_1520323201831{margin-bottom: 0px !important;}]]></wp:meta_value>
		</wp:postmeta>
		<wp:postmeta>
			<wp:meta_key><![CDATA[amely_disable_parallax]]></wp:meta_key>
			<wp:meta_value><![CDATA[on]]></wp:meta_value>
		</wp:postmeta>
	</item>
	<item>
		<title>Special Collections</title>
		<link>http://amely.thememove.com/special-collections/</link>
		<pubDate>Tue, 06 Mar 2018 04:41:08 +0000</pubDate>
		<dc:creator><![CDATA[admin]]></dc:creator>
		<guid isPermaLink="false">http://amely.thememove.com/?page_id=5195</guid>
		<description></description>
		<content:encoded><![CDATA[[vc_row][vc_column][amely_space height="50" height_lg="40" height_md="30" height_sm="20" height_xs="10"][vc_single_image image="5259" img_size="full" alignment="center"][vc_custom_heading text="#women#summer" font_container="tag:h2|font_size:24px|text_align:center|color:%23333333|line_height:33px" use_theme_fonts="" google_fonts="font_family:Poppins%3A300%2Cregular%2C500%2C600%2C700|font_style:600%20semi-bold%20regular%3A600%3Anormal" el_class="ls-4-p"][amely_space height="50" height_lg="40" height_md="30" height_sm="20" height_xs="10"][/vc_column][/vc_row][vc_row full_width="stretch_row_content"][vc_column sticky_column="yes" el_class="col-xl-6"][amely_banner3 image="5260" color_content="#ffffff" text_align="center" align_vertical="middle" button_visibility="hidden" link="url:%23|||" el_class="banner-collection"]
<h3 style="font-weight: 600;">New arrivals</h3>
<p style="font-size: 24px; letter-spacing: 4px; font-weight: 600;">#women #summer</p>
[/amely_banner3][/vc_column][vc_column el_class="col-xl-6"][amely_product_grid data_source="categories" number="8" columns="2" product_cat_slugs="women"][/vc_column][/vc_row][vc_row][vc_column][amely_space height="50" height_lg="40" height_md="30" height_sm="20" height_xs="10"][vc_single_image image="5256" img_size="full" alignment="center"][vc_custom_heading text="#man#spring#summer" font_container="tag:h2|font_size:24px|text_align:center|color:%23333333|line_height:33px" use_theme_fonts="" google_fonts="font_family:Poppins%3A300%2Cregular%2C500%2C600%2C700|font_style:600%20semi-bold%20regular%3A600%3Anormal" el_class="ls-4-p"][amely_space height="50" height_lg="40" height_md="30" height_sm="20" height_xs="10"][/vc_column][/vc_row][vc_row full_width="stretch_row_content"][vc_column el_class="col-xl-6"][amely_product_grid data_source="categories" number="8" columns="2" product_cat_slugs="men"][/vc_column][vc_column sticky_column="yes" offset="vc_col-lg-12" el_class="col-xl-6"][amely_banner3 image="5257" color_content="#ffffff" text_align="center" align_vertical="middle" button_visibility="hidden" link="url:%23|||" el_class="banner-collection"]
<h3 style="font-weight: 600;">Man campaign</h3>
<p style="font-size: 24px; letter-spacing: 4px; font-weight: 600;">#man #spring#summer</p>
[/amely_banner3][/vc_column][/vc_row][vc_row full_width="stretch_row_content"][vc_column offset="vc_hidden-xs"][amely_banner3 image="5258" color_content="#ffffff" text_align="center" align_vertical="middle" button_visibility="hidden" link="url:%23|||" el_class="banner-collection"]
<h3 style="font-weight: 400;">Summer collection</h3>
<p style="font-size: 24px; letter-spacing: 4px; font-weight: 600;">#good#denim#blue</p>
[/amely_banner3][/vc_column][/vc_row][vc_row full_width="stretch_row_content" content_placement="middle" el_class="vc-copyright"][vc_column width="1/2"][vc_custom_heading text="© Copyright 2017 ThemeMove" font_container="tag:h2|font_size:15px|text_align:left|color:%23777777|line_height:1.6" use_theme_fonts="" google_fonts="font_family:Poppins%3A300%2Cregular%2C500%2C600%2C700|font_style:400%20regular%3A400%3Anormal" css=".vc_custom_1520447356227{margin-top: 0px !important;margin-bottom: 0px !important;}"][/vc_column][vc_column width="1/2"][vc_single_image source="external_link" external_img_size="full" alignment="right" custom_src="http://amely-4437.kxcdn.com/wp-content/uploads/2018/01/payments.png" css=".vc_custom_1520447369419{margin-top: 0px !important;margin-bottom: 0px !important;}"][/vc_column][/vc_row]]]></content:encoded>
		<excerpt:encoded><![CDATA[]]></excerpt:encoded>
		<wp:post_id>5195</wp:post_id>
		<wp:post_date><![CDATA[2018-03-06 04:41:08]]></wp:post_date>
		<wp:post_date_gmt><![CDATA[2018-03-06 04:41:08]]></wp:post_date_gmt>
		<wp:comment_status><![CDATA[closed]]></wp:comment_status>
		<wp:ping_status><![CDATA[closed]]></wp:ping_status>
		<wp:post_name><![CDATA[special-collections]]></wp:post_name>
		<wp:status><![CDATA[publish]]></wp:status>
		<wp:post_parent>0</wp:post_parent>
		<wp:menu_order>0</wp:menu_order>
		<wp:post_type><![CDATA[page]]></wp:post_type>
		<wp:post_password><![CDATA[]]></wp:post_password>
		<wp:is_sticky>0</wp:is_sticky>
		<wp:postmeta>
			<wp:meta_key><![CDATA[_vc_post_settings]]></wp:meta_key>
			<wp:meta_value><![CDATA[a:1:{s:10:"vc_grid_id";a:0:{}}]]></wp:meta_value>
		</wp:postmeta>
		<wp:postmeta>
			<wp:meta_key><![CDATA[_edit_last]]></wp:meta_key>
			<wp:meta_value><![CDATA[1]]></wp:meta_value>
		</wp:postmeta>
		<wp:postmeta>
			<wp:meta_key><![CDATA[_wp_page_template]]></wp:meta_key>
			<wp:meta_value><![CDATA[default]]></wp:meta_value>
		</wp:postmeta>
		<wp:postmeta>
			<wp:meta_key><![CDATA[mswp-swap-loc]]></wp:meta_key>
			<wp:meta_value><![CDATA[full_screen]]></wp:meta_value>
		</wp:postmeta>
		<wp:postmeta>
			<wp:meta_key><![CDATA[mswp-target-loc]]></wp:meta_key>
			<wp:meta_value><![CDATA[primary]]></wp:meta_value>
		</wp:postmeta>
		<wp:postmeta>
			<wp:meta_key><![CDATA[slide_template]]></wp:meta_key>
			<wp:meta_value><![CDATA[]]></wp:meta_value>
		</wp:postmeta>
		<wp:postmeta>
			<wp:meta_key><![CDATA[_wpb_vc_js_status]]></wp:meta_key>
			<wp:meta_value><![CDATA[true]]></wp:meta_value>
		</wp:postmeta>
		<wp:postmeta>
			<wp:meta_key><![CDATA[amely_logo]]></wp:meta_key>
			<wp:meta_value><![CDATA[http://amely.thememove.com/wp-content/themes/amely/assets/images/logo.png]]></wp:meta_value>
		</wp:postmeta>
		<wp:postmeta>
			<wp:meta_key><![CDATA[amely_logo_alt]]></wp:meta_key>
			<wp:meta_value><![CDATA[http://amely.thememove.com/wp-content/themes/amely/assets/images/logo.png]]></wp:meta_value>
		</wp:postmeta>
		<wp:postmeta>
			<wp:meta_key><![CDATA[amely_logo_mobile]]></wp:meta_key>
			<wp:meta_value><![CDATA[http://amely.thememove.com/wp-content/themes/amely/assets/images/logo.png]]></wp:meta_value>
		</wp:postmeta>
		<wp:postmeta>
			<wp:meta_key><![CDATA[amely_logo_mobile_alt]]></wp:meta_key>
			<wp:meta_value><![CDATA[http://amely.thememove.com/wp-content/themes/amely/assets/images/logo.png]]></wp:meta_value>
		</wp:postmeta>
		<wp:postmeta>
			<wp:meta_key><![CDATA[amely_header_overlap]]></wp:meta_key>
			<wp:meta_value><![CDATA[default]]></wp:meta_value>
		</wp:postmeta>
		<wp:postmeta>
			<wp:meta_key><![CDATA[amely_sticky_header]]></wp:meta_key>
			<wp:meta_value><![CDATA[default]]></wp:meta_value>
		</wp:postmeta>
		<wp:postmeta>
			<wp:meta_key><![CDATA[amely_offcanvas_button_on]]></wp:meta_key>
			<wp:meta_value><![CDATA[default]]></wp:meta_value>
		</wp:postmeta>
		<wp:postmeta>
			<wp:meta_key><![CDATA[amely_offcanvas_action]]></wp:meta_key>
			<wp:meta_value><![CDATA[default]]></wp:meta_value>
		</wp:postmeta>
		<wp:postmeta>
			<wp:meta_key><![CDATA[amely_offcanvas_position]]></wp:meta_key>
			<wp:meta_value><![CDATA[default]]></wp:meta_value>
		</wp:postmeta>
		<wp:postmeta>
			<wp:meta_key><![CDATA[amely_offcanvas_button_color]]></wp:meta_key>
			<wp:meta_value><![CDATA[#333333]]></wp:meta_value>
		</wp:postmeta>
		<wp:postmeta>
			<wp:meta_key><![CDATA[amely_offcanvas_custom_sidebar]]></wp:meta_key>
			<wp:meta_value><![CDATA[sidebar-offcanvas]]></wp:meta_value>
		</wp:postmeta>
		<wp:postmeta>
			<wp:meta_key><![CDATA[amely_page_title_on]]></wp:meta_key>
			<wp:meta_value><![CDATA[off]]></wp:meta_value>
		</wp:postmeta>
		<wp:postmeta>
			<wp:meta_key><![CDATA[amely_remove_whitespace]]></wp:meta_key>
			<wp:meta_value><![CDATA[default]]></wp:meta_value>
		</wp:postmeta>
		<wp:postmeta>
			<wp:meta_key><![CDATA[amely_page_title_style]]></wp:meta_key>
			<wp:meta_value><![CDATA[default]]></wp:meta_value>
		</wp:postmeta>
		<wp:postmeta>
			<wp:meta_key><![CDATA[amely_page_title_text_color]]></wp:meta_key>
			<wp:meta_value><![CDATA[#333333]]></wp:meta_value>
		</wp:postmeta>
		<wp:postmeta>
			<wp:meta_key><![CDATA[amely_page_subtitle_color]]></wp:meta_key>
			<wp:meta_value><![CDATA[#ababab]]></wp:meta_value>
		</wp:postmeta>
		<wp:postmeta>
			<wp:meta_key><![CDATA[amely_page_title_bg_color]]></wp:meta_key>
			<wp:meta_value><![CDATA[#f7f7f7]]></wp:meta_value>
		</wp:postmeta>
		<wp:postmeta>
			<wp:meta_key><![CDATA[amely_page_title_overlay_color]]></wp:meta_key>
			<wp:meta_value><![CDATA[rgba(0,0,0,0)]]></wp:meta_value>
		</wp:postmeta>
		<wp:postmeta>
			<wp:meta_key><![CDATA[amely_page_title_bg_image]]></wp:meta_key>
			<wp:meta_value><![CDATA[http://amely.thememove.com/wp-content/themes/amely/assets/images/page-title-bg.jpg]]></wp:meta_value>
		</wp:postmeta>
		<wp:postmeta>
			<wp:meta_key><![CDATA[amely_breadcrumbs]]></wp:meta_key>
			<wp:meta_value><![CDATA[default]]></wp:meta_value>
		</wp:postmeta>
		<wp:postmeta>
			<wp:meta_key><![CDATA[amely_breadcrumbs_position]]></wp:meta_key>
			<wp:meta_value><![CDATA[default]]></wp:meta_value>
		</wp:postmeta>
		<wp:postmeta>
			<wp:meta_key><![CDATA[amely_page_sidebar_config]]></wp:meta_key>
			<wp:meta_value><![CDATA[default]]></wp:meta_value>
		</wp:postmeta>
		<wp:postmeta>
			<wp:meta_key><![CDATA[amely_page_custom_sidebar]]></wp:meta_key>
			<wp:meta_value><![CDATA[sidebar]]></wp:meta_value>
		</wp:postmeta>
		<wp:postmeta>
			<wp:meta_key><![CDATA[amely_disable_footer]]></wp:meta_key>
			<wp:meta_value><![CDATA[on]]></wp:meta_value>
		</wp:postmeta>
		<wp:postmeta>
			<wp:meta_key><![CDATA[amely_disable_parallax]]></wp:meta_key>
			<wp:meta_value><![CDATA[default]]></wp:meta_value>
		</wp:postmeta>
		<wp:postmeta>
			<wp:meta_key><![CDATA[_wpb_shortcodes_custom_css]]></wp:meta_key>
			<wp:meta_value><![CDATA[.vc_custom_1520447356227{margin-top: 0px !important;margin-bottom: 0px !important;}.vc_custom_1520447369419{margin-top: 0px !important;margin-bottom: 0px !important;}]]></wp:meta_value>
		</wp:postmeta>
	</item>
	<item>
		<title></title>
		<link>http://amely.thememove.com/mb_siwc_lite_image/5206/</link>
		<pubDate>Tue, 06 Mar 2018 04:44:52 +0000</pubDate>
		<dc:creator><![CDATA[admin]]></dc:creator>
		<guid isPermaLink="false">http://amely.thememove.com/mb_siwc_lite_image/5206/</guid>
		<description></description>
		<content:encoded><![CDATA[]]></content:encoded>
		<excerpt:encoded><![CDATA[]]></excerpt:encoded>
		<wp:post_id>5206</wp:post_id>
		<wp:post_date><![CDATA[2018-03-06 04:44:52]]></wp:post_date>
		<wp:post_date_gmt><![CDATA[2018-03-06 04:44:52]]></wp:post_date_gmt>
		<wp:comment_status><![CDATA[closed]]></wp:comment_status>
		<wp:ping_status><![CDATA[closed]]></wp:ping_status>
		<wp:post_name><![CDATA[5206]]></wp:post_name>
		<wp:status><![CDATA[publish]]></wp:status>
		<wp:post_parent>0</wp:post_parent>
		<wp:menu_order>0</wp:menu_order>
		<wp:post_type><![CDATA[mb_siwc_lite_image]]></wp:post_type>
		<wp:post_password><![CDATA[]]></wp:post_password>
		<wp:is_sticky>0</wp:is_sticky>
		<wp:postmeta>
			<wp:meta_key><![CDATA[_vc_post_settings]]></wp:meta_key>
			<wp:meta_value><![CDATA[a:1:{s:10:"vc_grid_id";a:0:{}}]]></wp:meta_value>
		</wp:postmeta>
		<wp:postmeta>
			<wp:meta_key><![CDATA[image]]></wp:meta_key>
			<wp:meta_value><![CDATA[{"image":"http:\/\/amely.thememove.com\/wp-content\/uploads\/2018\/03\/img-lite-1.jpg","thumb":"http:\/\/amely.thememove.com\/wp-content\/uploads\/2018\/03\/img-lite-1-150x150.jpg"}]]></wp:meta_value>
		</wp:postmeta>
		<wp:postmeta>
			<wp:meta_key><![CDATA[tags]]></wp:meta_key>
			<wp:meta_value><![CDATA[[{"x":39.765625,"y":53.1578947368,"id":5184},{"x":63.984375,"y":63.2894736842,"id":5185}]]]></wp:meta_value>
		</wp:postmeta>
	</item>
	<item>
		<title></title>
		<link>http://amely.thememove.com/mb_siwc_lite_image/5207/</link>
		<pubDate>Tue, 06 Mar 2018 06:35:08 +0000</pubDate>
		<dc:creator><![CDATA[admin]]></dc:creator>
		<guid isPermaLink="false">http://amely.thememove.com/mb_siwc_lite_image/5207/</guid>
		<description></description>
		<content:encoded><![CDATA[]]></content:encoded>
		<excerpt:encoded><![CDATA[]]></excerpt:encoded>
		<wp:post_id>5207</wp:post_id>
		<wp:post_date><![CDATA[2018-03-06 06:35:08]]></wp:post_date>
		<wp:post_date_gmt><![CDATA[2018-03-06 06:35:08]]></wp:post_date_gmt>
		<wp:comment_status><![CDATA[closed]]></wp:comment_status>
		<wp:ping_status><![CDATA[closed]]></wp:ping_status>
		<wp:post_name><![CDATA[5207]]></wp:post_name>
		<wp:status><![CDATA[publish]]></wp:status>
		<wp:post_parent>0</wp:post_parent>
		<wp:menu_order>0</wp:menu_order>
		<wp:post_type><![CDATA[mb_siwc_lite_image]]></wp:post_type>
		<wp:post_password><![CDATA[]]></wp:post_password>
		<wp:is_sticky>0</wp:is_sticky>
		<wp:postmeta>
			<wp:meta_key><![CDATA[_vc_post_settings]]></wp:meta_key>
			<wp:meta_value><![CDATA[a:1:{s:10:"vc_grid_id";a:0:{}}]]></wp:meta_value>
		</wp:postmeta>
		<wp:postmeta>
			<wp:meta_key><![CDATA[image]]></wp:meta_key>
			<wp:meta_value><![CDATA[{"image":"http:\/\/amely.thememove.com\/wp-content\/uploads\/2018\/03\/img-lite-2.jpg","thumb":"http:\/\/amely.thememove.com\/wp-content\/uploads\/2018\/03\/img-lite-2-150x150.jpg"}]]></wp:meta_value>
		</wp:postmeta>
		<wp:postmeta>
			<wp:meta_key><![CDATA[tags]]></wp:meta_key>
			<wp:meta_value><![CDATA[[{"x":38.828125,"y":25.7894736842,"id":2670},{"x":31.640625,"y":78.5526315789,"id":2687}]]]></wp:meta_value>
		</wp:postmeta>
	</item>
	<item>
		<title></title>
		<link>http://amely.thememove.com/mb_siwc_lite_image/5211/</link>
		<pubDate>Tue, 06 Mar 2018 06:49:01 +0000</pubDate>
		<dc:creator><![CDATA[admin]]></dc:creator>
		<guid isPermaLink="false">http://amely.thememove.com/mb_siwc_lite_image/5211/</guid>
		<description></description>
		<content:encoded><![CDATA[]]></content:encoded>
		<excerpt:encoded><![CDATA[]]></excerpt:encoded>
		<wp:post_id>5211</wp:post_id>
		<wp:post_date><![CDATA[2018-03-06 06:49:01]]></wp:post_date>
		<wp:post_date_gmt><![CDATA[2018-03-06 06:49:01]]></wp:post_date_gmt>
		<wp:comment_status><![CDATA[closed]]></wp:comment_status>
		<wp:ping_status><![CDATA[closed]]></wp:ping_status>
		<wp:post_name><![CDATA[5211]]></wp:post_name>
		<wp:status><![CDATA[publish]]></wp:status>
		<wp:post_parent>0</wp:post_parent>
		<wp:menu_order>0</wp:menu_order>
		<wp:post_type><![CDATA[mb_siwc_lite_image]]></wp:post_type>
		<wp:post_password><![CDATA[]]></wp:post_password>
		<wp:is_sticky>0</wp:is_sticky>
		<wp:postmeta>
			<wp:meta_key><![CDATA[_vc_post_settings]]></wp:meta_key>
			<wp:meta_value><![CDATA[a:1:{s:10:"vc_grid_id";a:0:{}}]]></wp:meta_value>
		</wp:postmeta>
		<wp:postmeta>
			<wp:meta_key><![CDATA[image]]></wp:meta_key>
			<wp:meta_value><![CDATA[{"image":"http:\/\/amely.thememove.com\/wp-content\/uploads\/2018\/03\/img-lite-3.jpg","thumb":"http:\/\/amely.thememove.com\/wp-content\/uploads\/2018\/03\/img-lite-3-150x150.jpg"}]]></wp:meta_value>
		</wp:postmeta>
		<wp:postmeta>
			<wp:meta_key><![CDATA[tags]]></wp:meta_key>
			<wp:meta_value><![CDATA[[{"x":40.078125,"y":42.3684210526,"id":5183},{"x":61.796875,"y":72.7631578947,"id":5181}]]]></wp:meta_value>
		</wp:postmeta>
	</item>
	<item>
		<title></title>
		<link>http://amely.thememove.com/mb_siwc_lite_image/5212/</link>
		<pubDate>Tue, 06 Mar 2018 06:50:19 +0000</pubDate>
		<dc:creator><![CDATA[admin]]></dc:creator>
		<guid isPermaLink="false">http://amely.thememove.com/mb_siwc_lite_image/5212/</guid>
		<description></description>
		<content:encoded><![CDATA[]]></content:encoded>
		<excerpt:encoded><![CDATA[]]></excerpt:encoded>
		<wp:post_id>5212</wp:post_id>
		<wp:post_date><![CDATA[2018-03-06 06:50:19]]></wp:post_date>
		<wp:post_date_gmt><![CDATA[2018-03-06 06:50:19]]></wp:post_date_gmt>
		<wp:comment_status><![CDATA[closed]]></wp:comment_status>
		<wp:ping_status><![CDATA[closed]]></wp:ping_status>
		<wp:post_name><![CDATA[5212]]></wp:post_name>
		<wp:status><![CDATA[publish]]></wp:status>
		<wp:post_parent>0</wp:post_parent>
		<wp:menu_order>0</wp:menu_order>
		<wp:post_type><![CDATA[mb_siwc_lite_image]]></wp:post_type>
		<wp:post_password><![CDATA[]]></wp:post_password>
		<wp:is_sticky>0</wp:is_sticky>
		<wp:postmeta>
			<wp:meta_key><![CDATA[_vc_post_settings]]></wp:meta_key>
			<wp:meta_value><![CDATA[a:1:{s:10:"vc_grid_id";a:0:{}}]]></wp:meta_value>
		</wp:postmeta>
		<wp:postmeta>
			<wp:meta_key><![CDATA[image]]></wp:meta_key>
			<wp:meta_value><![CDATA[{"image":"http:\/\/amely.thememove.com\/wp-content\/uploads\/2018\/03\/img-lite-4.png","thumb":"http:\/\/amely.thememove.com\/wp-content\/uploads\/2018\/03\/img-lite-4-150x150.png"}]]></wp:meta_value>
		</wp:postmeta>
		<wp:postmeta>
			<wp:meta_key><![CDATA[tags]]></wp:meta_key>
			<wp:meta_value><![CDATA[[{"x":40.5720338983,"y":30.7894736842,"id":2773},{"x":26.5889830508,"y":64.3421052632,"id":2648}]]]></wp:meta_value>
		</wp:postmeta>
	</item>
	<item>
		<title></title>
		<link>http://amely.thememove.com/mb_siwc_lite_image/5213/</link>
		<pubDate>Tue, 06 Mar 2018 06:51:58 +0000</pubDate>
		<dc:creator><![CDATA[admin]]></dc:creator>
		<guid isPermaLink="false">http://amely.thememove.com/mb_siwc_lite_image/5213/</guid>
		<description></description>
		<content:encoded><![CDATA[]]></content:encoded>
		<excerpt:encoded><![CDATA[]]></excerpt:encoded>
		<wp:post_id>5213</wp:post_id>
		<wp:post_date><![CDATA[2018-03-06 06:51:58]]></wp:post_date>
		<wp:post_date_gmt><![CDATA[2018-03-06 06:51:58]]></wp:post_date_gmt>
		<wp:comment_status><![CDATA[closed]]></wp:comment_status>
		<wp:ping_status><![CDATA[closed]]></wp:ping_status>
		<wp:post_name><![CDATA[5213]]></wp:post_name>
		<wp:status><![CDATA[publish]]></wp:status>
		<wp:post_parent>0</wp:post_parent>
		<wp:menu_order>0</wp:menu_order>
		<wp:post_type><![CDATA[mb_siwc_lite_image]]></wp:post_type>
		<wp:post_password><![CDATA[]]></wp:post_password>
		<wp:is_sticky>0</wp:is_sticky>
		<wp:postmeta>
			<wp:meta_key><![CDATA[_vc_post_settings]]></wp:meta_key>
			<wp:meta_value><![CDATA[a:1:{s:10:"vc_grid_id";a:0:{}}]]></wp:meta_value>
		</wp:postmeta>
		<wp:postmeta>
			<wp:meta_key><![CDATA[image]]></wp:meta_key>
			<wp:meta_value><![CDATA[{"image":"http:\/\/amely.thememove.com\/wp-content\/uploads\/2018\/03\/img-lite-5.png","thumb":"http:\/\/amely.thememove.com\/wp-content\/uploads\/2018\/03\/img-lite-5-150x150.png"}]]></wp:meta_value>
		</wp:postmeta>
		<wp:postmeta>
			<wp:meta_key><![CDATA[tags]]></wp:meta_key>
			<wp:meta_value><![CDATA[[{"x":38.4533898305,"y":32.6315789474,"id":2670},{"x":49.6822033898,"y":69.0789473684,"id":2648},{"x":72.8813559322,"y":90.2631578947,"id":5182}]]]></wp:meta_value>
		</wp:postmeta>
	</item>
	<item>
		<title></title>
		<link>http://amely.thememove.com/mb_siwc_lite_image/5214/</link>
		<pubDate>Tue, 06 Mar 2018 06:52:54 +0000</pubDate>
		<dc:creator><![CDATA[admin]]></dc:creator>
		<guid isPermaLink="false">http://amely.thememove.com/mb_siwc_lite_image/5214/</guid>
		<description></description>
		<content:encoded><![CDATA[]]></content:encoded>
		<excerpt:encoded><![CDATA[]]></excerpt:encoded>
		<wp:post_id>5214</wp:post_id>
		<wp:post_date><![CDATA[2018-03-06 06:52:54]]></wp:post_date>
		<wp:post_date_gmt><![CDATA[2018-03-06 06:52:54]]></wp:post_date_gmt>
		<wp:comment_status><![CDATA[closed]]></wp:comment_status>
		<wp:ping_status><![CDATA[closed]]></wp:ping_status>
		<wp:post_name><![CDATA[5214]]></wp:post_name>
		<wp:status><![CDATA[publish]]></wp:status>
		<wp:post_parent>0</wp:post_parent>
		<wp:menu_order>0</wp:menu_order>
		<wp:post_type><![CDATA[mb_siwc_lite_image]]></wp:post_type>
		<wp:post_password><![CDATA[]]></wp:post_password>
		<wp:is_sticky>0</wp:is_sticky>
		<wp:postmeta>
			<wp:meta_key><![CDATA[_vc_post_settings]]></wp:meta_key>
			<wp:meta_value><![CDATA[a:1:{s:10:"vc_grid_id";a:0:{}}]]></wp:meta_value>
		</wp:postmeta>
		<wp:postmeta>
			<wp:meta_key><![CDATA[image]]></wp:meta_key>
			<wp:meta_value><![CDATA[{"image":"http:\/\/amely.thememove.com\/wp-content\/uploads\/2018\/03\/img-lite-6.png","thumb":"http:\/\/amely.thememove.com\/wp-content\/uploads\/2018\/03\/img-lite-6-150x150.png"}]]></wp:meta_value>
		</wp:postmeta>
		<wp:postmeta>
			<wp:meta_key><![CDATA[tags]]></wp:meta_key>
			<wp:meta_value><![CDATA[[{"x":44.3855932203,"y":51.7105263158,"id":5187},{"x":54.9788135593,"y":81.4473684211,"id":5181}]]]></wp:meta_value>
		</wp:postmeta>
	</item>
	<item>
		<title></title>
		<link>http://amely.thememove.com/mb_siwc_lite_image/5215/</link>
		<pubDate>Tue, 06 Mar 2018 06:53:57 +0000</pubDate>
		<dc:creator><![CDATA[admin]]></dc:creator>
		<guid isPermaLink="false">http://amely.thememove.com/mb_siwc_lite_image/5215/</guid>
		<description></description>
		<content:encoded><![CDATA[]]></content:encoded>
		<excerpt:encoded><![CDATA[]]></excerpt:encoded>
		<wp:post_id>5215</wp:post_id>
		<wp:post_date><![CDATA[2018-03-06 06:53:57]]></wp:post_date>
		<wp:post_date_gmt><![CDATA[2018-03-06 06:53:57]]></wp:post_date_gmt>
		<wp:comment_status><![CDATA[closed]]></wp:comment_status>
		<wp:ping_status><![CDATA[closed]]></wp:ping_status>
		<wp:post_name><![CDATA[5215]]></wp:post_name>
		<wp:status><![CDATA[publish]]></wp:status>
		<wp:post_parent>0</wp:post_parent>
		<wp:menu_order>0</wp:menu_order>
		<wp:post_type><![CDATA[mb_siwc_lite_image]]></wp:post_type>
		<wp:post_password><![CDATA[]]></wp:post_password>
		<wp:is_sticky>0</wp:is_sticky>
		<wp:postmeta>
			<wp:meta_key><![CDATA[_vc_post_settings]]></wp:meta_key>
			<wp:meta_value><![CDATA[a:1:{s:10:"vc_grid_id";a:0:{}}]]></wp:meta_value>
		</wp:postmeta>
		<wp:postmeta>
			<wp:meta_key><![CDATA[image]]></wp:meta_key>
			<wp:meta_value><![CDATA[{"image":"http:\/\/amely.thememove.com\/wp-content\/uploads\/2018\/03\/img-lite-7.png","thumb":"http:\/\/amely.thememove.com\/wp-content\/uploads\/2018\/03\/img-lite-7-150x150.png"}]]></wp:meta_value>
		</wp:postmeta>
		<wp:postmeta>
			<wp:meta_key><![CDATA[tags]]></wp:meta_key>
			<wp:meta_value><![CDATA[[{"x":36.7584745763,"y":25.7894736842,"id":5188},{"x":59.0042372881,"y":91.9736842105,"id":4072}]]]></wp:meta_value>
		</wp:postmeta>
	</item>
	<item>
		<title></title>
		<link>http://amely.thememove.com/mb_siwc_lite_image/5231/</link>
		<pubDate>Tue, 06 Mar 2018 08:47:24 +0000</pubDate>
		<dc:creator><![CDATA[admin]]></dc:creator>
		<guid isPermaLink="false">http://amely.thememove.com/mb_siwc_lite_image/5231/</guid>
		<description></description>
		<content:encoded><![CDATA[]]></content:encoded>
		<excerpt:encoded><![CDATA[]]></excerpt:encoded>
		<wp:post_id>5231</wp:post_id>
		<wp:post_date><![CDATA[2018-03-06 08:47:24]]></wp:post_date>
		<wp:post_date_gmt><![CDATA[2018-03-06 08:47:24]]></wp:post_date_gmt>
		<wp:comment_status><![CDATA[closed]]></wp:comment_status>
		<wp:ping_status><![CDATA[closed]]></wp:ping_status>
		<wp:post_name><![CDATA[5231]]></wp:post_name>
		<wp:status><![CDATA[publish]]></wp:status>
		<wp:post_parent>0</wp:post_parent>
		<wp:menu_order>0</wp:menu_order>
		<wp:post_type><![CDATA[mb_siwc_lite_image]]></wp:post_type>
		<wp:post_password><![CDATA[]]></wp:post_password>
		<wp:is_sticky>0</wp:is_sticky>
		<wp:postmeta>
			<wp:meta_key><![CDATA[_vc_post_settings]]></wp:meta_key>
			<wp:meta_value><![CDATA[a:1:{s:10:"vc_grid_id";a:0:{}}]]></wp:meta_value>
		</wp:postmeta>
		<wp:postmeta>
			<wp:meta_key><![CDATA[image]]></wp:meta_key>
			<wp:meta_value><![CDATA[{"image":"http:\/\/amely.thememove.com\/wp-content\/uploads\/2018\/03\/image-lite-bg.jpg","thumb":"http:\/\/amely.thememove.com\/wp-content\/uploads\/2018\/03\/image-lite-bg-150x150.jpg"}]]></wp:meta_value>
		</wp:postmeta>
		<wp:postmeta>
			<wp:meta_key><![CDATA[tags]]></wp:meta_key>
			<wp:meta_value><![CDATA[[{"x":73.5294117647,"y":43.0267062315,"id":5184}]]]></wp:meta_value>
		</wp:postmeta>
	</item>
</channel>
</rss>
